"id","label","shape","color","title"
"ABCD1","ABCD1","dot","#FFFFFF","</b><br>Significant in: 0"
"ABHD4","ABHD4","dot","#FFFFFF","</b><br>Significant in: 0"
"ACADVL","ACADVL","dot","#D2D2D2","</b><br>Significant in: 1"
"ACAP3","ACAP3","dot","#FFFFFF","</b><br>Significant in: 0"
"ACHE","ACHE","dot","#A6A6A6","</b><br>Significant in: 2"
"ACOT1","ACOT1","dot","#D2D2D2","</b><br>Significant in: 1"
"ACYP2","ACYP2","dot","#FFFFFF","</b><br>Significant in: 0"
"ADAMTS13","ADAMTS13","dot","#FFFFFF","</b><br>Significant in: 0"
"ADRB1","ADRB1","dot","#FFFFFF","</b><br>Significant in: 0"
"ADRM1","ADRM1","dot","#A6A6A6","</b><br>Significant in: 2"
"AFTPH-DT","AFTPH-DT","dot","#FFFFFF","</b><br>Significant in: 0"
"AGAP6","AGAP6","dot","#FFFFFF","</b><br>Significant in: 0"
"AGR2","AGR2","dot","#A6A6A6","</b><br>Significant in: 2"
"AGRN","AGRN","dot","#D2D2D2","</b><br>Significant in: 1"
"AKAP8L","AKAP8L","dot","#A6A6A6","</b><br>Significant in: 2"
"AKT1","AKT1","dot","#D2D2D2","</b><br>Significant in: 1"
"ALKBH7","ALKBH7","dot","#D2D2D2","</b><br>Significant in: 1"
"ALOX15","ALOX15","dot","#FFFFFF","</b><br>Significant in: 0"
"ANK1","ANK1","dot","#D2D2D2","</b><br>Significant in: 1"
"ANKDD1A","ANKDD1A","dot","#D2D2D2","</b><br>Significant in: 1"
"ANKHD1","ANKHD1","dot","#FFFFFF","</b><br>Significant in: 0"
"ANKRD11","ANKRD11","dot","#A6A6A6","</b><br>Significant in: 2"
"ANKRD13B","ANKRD13B","dot","#FFFFFF","</b><br>Significant in: 0"
"ANKRD13D","ANKRD13D","dot","#FFFFFF","</b><br>Significant in: 0"
"ANKRD29","ANKRD29","dot","#D2D2D2","</b><br>Significant in: 1"
"ANKRD31","ANKRD31","dot","#D2D2D2","</b><br>Significant in: 1"
"ANKRD53","ANKRD53","dot","#FFFFFF","</b><br>Significant in: 0"
"ANKRD54","ANKRD54","dot","#D2D2D2","</b><br>Significant in: 1"
"ANKRD61","ANKRD61","dot","#FFFFFF","</b><br>Significant in: 0"
"ANKS1B","ANKS1B","dot","#D2D2D2","</b><br>Significant in: 1"
"ANO6","ANO6","dot","#A6A6A6","</b><br>Significant in: 2"
"ANXA1","ANXA1","dot","#D2D2D2","</b><br>Significant in: 1"
"ANXA2","ANXA2","dot","#797979","</b><br>Significant in: 3"
"AP1S1","AP1S1","dot","#A6A6A6","</b><br>Significant in: 2"
"APBB2","APBB2","dot","#D2D2D2","</b><br>Significant in: 1"
"APRG1","APRG1","dot","#FFFFFF","</b><br>Significant in: 0"
"ARAP1","ARAP1","dot","#D2D2D2","</b><br>Significant in: 1"
"ARAP2","ARAP2","dot","#A6A6A6","</b><br>Significant in: 2"
"ARC","ARC","dot","#D2D2D2","</b><br>Significant in: 1"
"ARFGAP1","ARFGAP1","dot","#D2D2D2","</b><br>Significant in: 1"
"ARHGAP31","ARHGAP31","dot","#FFFFFF","</b><br>Significant in: 0"
"ARID3A","ARID3A","dot","#D2D2D2","</b><br>Significant in: 1"
"ARID3B","ARID3B","dot","#D2D2D2","</b><br>Significant in: 1"
"ARNT2","ARNT2","dot","#FFFFFF","</b><br>Significant in: 0"
"ARRDC1","ARRDC1","dot","#D2D2D2","</b><br>Significant in: 1"
"ARSA","ARSA","dot","#D2D2D2","</b><br>Significant in: 1"
"ARTN","ARTN","dot","#D2D2D2","</b><br>Significant in: 1"
"ARVCF","ARVCF","dot","#A6A6A6","</b><br>Significant in: 2"
"ASPG","ASPG","dot","#FFFFFF","</b><br>Significant in: 0"
"ASPHD2","ASPHD2","dot","#A6A6A6","</b><br>Significant in: 2"
"ATG101","ATG101","dot","#D2D2D2","</b><br>Significant in: 1"
"ATG2A","ATG2A","dot","#FFFFFF","</b><br>Significant in: 0"
"ATG4D","ATG4D","dot","#D2D2D2","</b><br>Significant in: 1"
"ATP13A1","ATP13A1","dot","#FFFFFF","</b><br>Significant in: 0"
"ATP1A1-AS1","ATP1A1-AS1","dot","#FFFFFF","</b><br>Significant in: 0"
"ATP5MF","ATP5MF","dot","#D2D2D2","</b><br>Significant in: 1"
"ATP5PF","ATP5PF","dot","#FFFFFF","</b><br>Significant in: 0"
"ATP6V0A1","ATP6V0A1","dot","#A6A6A6","</b><br>Significant in: 2"
"ATP6V0C","ATP6V0C","dot","#D2D2D2","</b><br>Significant in: 1"
"ATP6V0D1","ATP6V0D1","dot","#D2D2D2","</b><br>Significant in: 1"
"ATP7B","ATP7B","dot","#A6A6A6","</b><br>Significant in: 2"
"ATXN2L","ATXN2L","dot","#D2D2D2","</b><br>Significant in: 1"
"ATXN7L3","ATXN7L3","dot","#A6A6A6","</b><br>Significant in: 2"
"B3GNT9","B3GNT9","dot","#D2D2D2","</b><br>Significant in: 1"
"B4GALT7","B4GALT7","dot","#A6A6A6","</b><br>Significant in: 2"
"BAIAP2","BAIAP2","dot","#A6A6A6","</b><br>Significant in: 2"
"BAIAP2-DT","BAIAP2-DT","dot","#A6A6A6","</b><br>Significant in: 2"
"BAIAP2L1","BAIAP2L1","dot","#D2D2D2","</b><br>Significant in: 1"
"BANP","BANP","dot","#D2D2D2","</b><br>Significant in: 1"
"BAX","BAX","dot","#A6A6A6","</b><br>Significant in: 2"
"BBC3","BBC3","dot","#D2D2D2","</b><br>Significant in: 1"
"BCKDHA","BCKDHA","dot","#FFFFFF","</b><br>Significant in: 0"
"BCL2L15","BCL2L15","dot","#FFFFFF","</b><br>Significant in: 0"
"BCL6","BCL6","dot","#FFFFFF","</b><br>Significant in: 0"
"BCORL1","BCORL1","dot","#A6A6A6","</b><br>Significant in: 2"
"BCR","BCR","dot","#FFFFFF","</b><br>Significant in: 0"
"BET1L","BET1L","dot","#A6A6A6","</b><br>Significant in: 2"
"BHLHE41","BHLHE41","dot","#A6A6A6","</b><br>Significant in: 2"
"BICDL1","BICDL1","dot","#D2D2D2","</b><br>Significant in: 1"
"BICDL2","BICDL2","dot","#D2D2D2","</b><br>Significant in: 1"
"BICRA","BICRA","dot","#FFFFFF","</b><br>Significant in: 0"
"BID","BID","dot","#D2D2D2","</b><br>Significant in: 1"
"BLNK","BLNK","dot","#D2D2D2","</b><br>Significant in: 1"
"BMP7","BMP7","dot","#4D4D4D","</b><br>Significant in: 4"
"BMP8A","BMP8A","dot","#FFFFFF","</b><br>Significant in: 0"
"BNC1","BNC1","dot","#A6A6A6","</b><br>Significant in: 2"
"BNIPL","BNIPL","dot","#D2D2D2","</b><br>Significant in: 1"
"BRD3OS","BRD3OS","dot","#FFFFFF","</b><br>Significant in: 0"
"BRMS1","BRMS1","dot","#D2D2D2","</b><br>Significant in: 1"
"BRWD1-AS1","BRWD1-AS1","dot","#FFFFFF","</b><br>Significant in: 0"
"BRWD1-AS2","BRWD1-AS2","dot","#D2D2D2","</b><br>Significant in: 1"
"BSG","BSG","dot","#D2D2D2","</b><br>Significant in: 1"
"BTBD7","BTBD7","dot","#797979","</b><br>Significant in: 3"
"BTN2A1","BTN2A1","dot","#D2D2D2","</b><br>Significant in: 1"
"C11orf42","C11orf42","dot","#FFFFFF","</b><br>Significant in: 0"
"C15orf61","C15orf61","dot","#FFFFFF","</b><br>Significant in: 0"
"C19orf12","C19orf12","dot","#A6A6A6","</b><br>Significant in: 2"
"C19orf53","C19orf53","dot","#FFFFFF","</b><br>Significant in: 0"
"C1orf109","C1orf109","dot","#D2D2D2","</b><br>Significant in: 1"
"C1orf220","C1orf220","dot","#D2D2D2","</b><br>Significant in: 1"
"C1QL3","C1QL3","dot","#FFFFFF","</b><br>Significant in: 0"
"C2orf74-DT","C2orf74-DT","dot","#FFFFFF","</b><br>Significant in: 0"
"C3orf52","C3orf52","dot","#D2D2D2","</b><br>Significant in: 1"
"C4orf48","C4orf48","dot","#A6A6A6","</b><br>Significant in: 2"
"C6orf132","C6orf132","dot","#D2D2D2","</b><br>Significant in: 1"
"C8orf58","C8orf58","dot","#D2D2D2","</b><br>Significant in: 1"
"CA4","CA4","dot","#FFFFFF","</b><br>Significant in: 0"
"CACFD1","CACFD1","dot","#D2D2D2","</b><br>Significant in: 1"
"CACNA1H","CACNA1H","dot","#FFFFFF","</b><br>Significant in: 0"
"CACNA2D2","CACNA2D2","dot","#D2D2D2","</b><br>Significant in: 1"
"CACNG4","CACNG4","dot","#A6A6A6","</b><br>Significant in: 2"
"CACNG8","CACNG8","dot","#D2D2D2","</b><br>Significant in: 1"
"CADPS2","CADPS2","dot","#797979","</b><br>Significant in: 3"
"CALML4","CALML4","dot","#A6A6A6","</b><br>Significant in: 2"
"CAMSAP3","CAMSAP3","dot","#FFFFFF","</b><br>Significant in: 0"
"CAPN10","CAPN10","dot","#A6A6A6","</b><br>Significant in: 2"
"CAPN8","CAPN8","dot","#D2D2D2","</b><br>Significant in: 1"
"CARD14","CARD14","dot","#FFFFFF","</b><br>Significant in: 0"
"CARD19","CARD19","dot","#FFFFFF","</b><br>Significant in: 0"
"CASK","CASK","dot","#797979","</b><br>Significant in: 3"
"CASKIN2","CASKIN2","dot","#FFFFFF","</b><br>Significant in: 0"
"CAV1","CAV1","dot","#D2D2D2","</b><br>Significant in: 1"
"CC2D1B","CC2D1B","dot","#FFFFFF","</b><br>Significant in: 0"
"CCDC200","CCDC200","dot","#FFFFFF","</b><br>Significant in: 0"
"CCDC65","CCDC65","dot","#FFFFFF","</b><br>Significant in: 0"
"CCDC68","CCDC68","dot","#FFFFFF","</b><br>Significant in: 0"
"CCDC87","CCDC87","dot","#D2D2D2","</b><br>Significant in: 1"
"CCDC93","CCDC93","dot","#A6A6A6","</b><br>Significant in: 2"
"CCN5","CCN5","dot","#D2D2D2","</b><br>Significant in: 1"
"CCS","CCS","dot","#A6A6A6","</b><br>Significant in: 2"
"CD160","CD160","dot","#A6A6A6","</b><br>Significant in: 2"
"CD22","CD22","dot","#D2D2D2","</b><br>Significant in: 1"
"CD63","CD63","dot","#797979","</b><br>Significant in: 3"
"CDC34","CDC34","dot","#FFFFFF","</b><br>Significant in: 0"
"CDC42BPG","CDC42BPG","dot","#A6A6A6","</b><br>Significant in: 2"
"CDC42EP3","CDC42EP3","dot","#797979","</b><br>Significant in: 3"
"CDK16","CDK16","dot","#A6A6A6","</b><br>Significant in: 2"
"CDKN1A","CDKN1A","dot","#4D4D4D","</b><br>Significant in: 4"
"CEACAM5","CEACAM5","dot","#FFFFFF","</b><br>Significant in: 0"
"CEACAM6","CEACAM6","dot","#FFFFFF","</b><br>Significant in: 0"
"CELSR2","CELSR2","dot","#797979","</b><br>Significant in: 3"
"CELSR3","CELSR3","dot","#D2D2D2","</b><br>Significant in: 1"
"CENATAC","CENATAC","dot","#D2D2D2","</b><br>Significant in: 1"
"CENPBD2P","CENPBD2P","dot","#D2D2D2","</b><br>Significant in: 1"
"CEP170","CEP170","dot","#D2D2D2","</b><br>Significant in: 1"
"CEP170B","CEP170B","dot","#FFFFFF","</b><br>Significant in: 0"
"CFAP161","CFAP161","dot","#FFFFFF","</b><br>Significant in: 0"
"CFAP276","CFAP276","dot","#FFFFFF","</b><br>Significant in: 0"
"CFAP53","CFAP53","dot","#FFFFFF","</b><br>Significant in: 0"
"CHFR","CHFR","dot","#797979","</b><br>Significant in: 3"
"CHMP2A","CHMP2A","dot","#FFFFFF","</b><br>Significant in: 0"
"CHRNA10","CHRNA10","dot","#D2D2D2","</b><br>Significant in: 1"
"CHST12","CHST12","dot","#FFFFFF","</b><br>Significant in: 0"
"CIC","CIC","dot","#A6A6A6","</b><br>Significant in: 2"
"CIRBP-AS1","CIRBP-AS1","dot","#FFFFFF","</b><br>Significant in: 0"
"CISH","CISH","dot","#D2D2D2","</b><br>Significant in: 1"
"CKMT2","CKMT2","dot","#D2D2D2","</b><br>Significant in: 1"
"CLCF1","CLCF1","dot","#FFFFFF","</b><br>Significant in: 0"
"CLCN6","CLCN6","dot","#D2D2D2","</b><br>Significant in: 1"
"CLDN15","CLDN15","dot","#D2D2D2","</b><br>Significant in: 1"
"CLDN9","CLDN9","dot","#D2D2D2","</b><br>Significant in: 1"
"CLEC16A","CLEC16A","dot","#D2D2D2","</b><br>Significant in: 1"
"CLN3","CLN3","dot","#FFFFFF","</b><br>Significant in: 0"
"CLPTM1","CLPTM1","dot","#FFFFFF","</b><br>Significant in: 0"
"CNKSR1","CNKSR1","dot","#A6A6A6","</b><br>Significant in: 2"
"CNNM1","CNNM1","dot","#FFFFFF","</b><br>Significant in: 0"
"CNOT3","CNOT3","dot","#D2D2D2","</b><br>Significant in: 1"
"COL12A1","COL12A1","dot","#4D4D4D","</b><br>Significant in: 4"
"COL28A1","COL28A1","dot","#D2D2D2","</b><br>Significant in: 1"
"COL5A3","COL5A3","dot","#FFFFFF","</b><br>Significant in: 0"
"COLGALT2","COLGALT2","dot","#D2D2D2","</b><br>Significant in: 1"
"COPE","COPE","dot","#A6A6A6","</b><br>Significant in: 2"
"COPS7B","COPS7B","dot","#D2D2D2","</b><br>Significant in: 1"
"CORO1C","CORO1C","dot","#D2D2D2","</b><br>Significant in: 1"
"COX4I1","COX4I1","dot","#D2D2D2","</b><br>Significant in: 1"
"COX6B1","COX6B1","dot","#FFFFFF","</b><br>Significant in: 0"
"COX7B2","COX7B2","dot","#D2D2D2","</b><br>Significant in: 1"
"CPLANE2","CPLANE2","dot","#D2D2D2","</b><br>Significant in: 1"
"CPNE1","CPNE1","dot","#FFFFFF","</b><br>Significant in: 0"
"CPTP","CPTP","dot","#FFFFFF","</b><br>Significant in: 0"
"CR2","CR2","dot","#FFFFFF","</b><br>Significant in: 0"
"CREB3","CREB3","dot","#D2D2D2","</b><br>Significant in: 1"
"CRELD1","CRELD1","dot","#A6A6A6","</b><br>Significant in: 2"
"CRIP2","CRIP2","dot","#D2D2D2","</b><br>Significant in: 1"
"CRK","CRK","dot","#FFFFFF","</b><br>Significant in: 0"
"CROT","CROT","dot","#A6A6A6","</b><br>Significant in: 2"
"CRPPA","CRPPA","dot","#FFFFFF","</b><br>Significant in: 0"
"CRTC1","CRTC1","dot","#A6A6A6","</b><br>Significant in: 2"
"CSGALNACT1","CSGALNACT1","dot","#FFFFFF","</b><br>Significant in: 0"
"CSK","CSK","dot","#D2D2D2","</b><br>Significant in: 1"
"CSRNP2","CSRNP2","dot","#A6A6A6","</b><br>Significant in: 2"
"CTF1","CTF1","dot","#D2D2D2","</b><br>Significant in: 1"
"CTSC","CTSC","dot","#797979","</b><br>Significant in: 3"
"CUL7","CUL7","dot","#A6A6A6","</b><br>Significant in: 2"
"CXCR6","CXCR6","dot","#D2D2D2","</b><br>Significant in: 1"
"CYP26B1","CYP26B1","dot","#A6A6A6","</b><br>Significant in: 2"
"CYP27B1","CYP27B1","dot","#D2D2D2","</b><br>Significant in: 1"
"CYTH3","CYTH3","dot","#797979","</b><br>Significant in: 3"
"DANT2","DANT2","dot","#FFFFFF","</b><br>Significant in: 0"
"DAPK3","DAPK3","dot","#D2D2D2","</b><br>Significant in: 1"
"DBNDD1","DBNDD1","dot","#A6A6A6","</b><br>Significant in: 2"
"DCP1B","DCP1B","dot","#D2D2D2","</b><br>Significant in: 1"
"DDA1","DDA1","dot","#D2D2D2","</b><br>Significant in: 1"
"DDN","DDN","dot","#FFFFFF","</b><br>Significant in: 0"
"DEDD2","DEDD2","dot","#FFFFFF","</b><br>Significant in: 0"
"DEF8","DEF8","dot","#D2D2D2","</b><br>Significant in: 1"
"DESI1","DESI1","dot","#797979","</b><br>Significant in: 3"
"DGKQ","DGKQ","dot","#D2D2D2","</b><br>Significant in: 1"
"DLGAP4","DLGAP4","dot","#A6A6A6","</b><br>Significant in: 2"
"DMAC2","DMAC2","dot","#D2D2D2","</b><br>Significant in: 1"
"DMPK","DMPK","dot","#D2D2D2","</b><br>Significant in: 1"
"DMTN","DMTN","dot","#D2D2D2","</b><br>Significant in: 1"
"DMWD","DMWD","dot","#FFFFFF","</b><br>Significant in: 0"
"DNAAF4","DNAAF4","dot","#FFFFFF","</b><br>Significant in: 0"
"DNAH14","DNAH14","dot","#D2D2D2","</b><br>Significant in: 1"
"DNAH8","DNAH8","dot","#FFFFFF","</b><br>Significant in: 0"
"DNAJB5","DNAJB5","dot","#A6A6A6","</b><br>Significant in: 2"
"DNAJC4","DNAJC4","dot","#D2D2D2","</b><br>Significant in: 1"
"DNALI1","DNALI1","dot","#D2D2D2","</b><br>Significant in: 1"
"DNASE1L1","DNASE1L1","dot","#D2D2D2","</b><br>Significant in: 1"
"DOCK4","DOCK4","dot","#797979","</b><br>Significant in: 3"
"DOCK6","DOCK6","dot","#FFFFFF","</b><br>Significant in: 0"
"DOK7","DOK7","dot","#797979","</b><br>Significant in: 3"
"DOT1L","DOT1L","dot","#D2D2D2","</b><br>Significant in: 1"
"DPP3","DPP3","dot","#797979","</b><br>Significant in: 3"
"DPP9","DPP9","dot","#D2D2D2","</b><br>Significant in: 1"
"DPP9-AS1","DPP9-AS1","dot","#D2D2D2","</b><br>Significant in: 1"
"DSE","DSE","dot","#D2D2D2","</b><br>Significant in: 1"
"DTX2","DTX2","dot","#FFFFFF","</b><br>Significant in: 0"
"DYNC1I1","DYNC1I1","dot","#FFFFFF","</b><br>Significant in: 0"
"DYNLRB1","DYNLRB1","dot","#D2D2D2","</b><br>Significant in: 1"
"E2F4","E2F4","dot","#D2D2D2","</b><br>Significant in: 1"
"EEF1A2","EEF1A2","dot","#D2D2D2","</b><br>Significant in: 1"
"EEF2","EEF2","dot","#D2D2D2","</b><br>Significant in: 1"
"EFCAB5","EFCAB5","dot","#FFFFFF","</b><br>Significant in: 0"
"EFEMP1","EFEMP1","dot","#D2D2D2","</b><br>Significant in: 1"
"EFNA5","EFNA5","dot","#A6A6A6","</b><br>Significant in: 2"
"EIF3G","EIF3G","dot","#D2D2D2","</b><br>Significant in: 1"
"EIF3J-DT","EIF3J-DT","dot","#D2D2D2","</b><br>Significant in: 1"
"EIF3K","EIF3K","dot","#D2D2D2","</b><br>Significant in: 1"
"ELL","ELL","dot","#FFFFFF","</b><br>Significant in: 0"
"ELOF1","ELOF1","dot","#FFFFFF","</b><br>Significant in: 0"
"EMC10","EMC10","dot","#FFFFFF","</b><br>Significant in: 0"
"EME2","EME2","dot","#D2D2D2","</b><br>Significant in: 1"
"ENKD1","ENKD1","dot","#FFFFFF","</b><br>Significant in: 0"
"EPHA2","EPHA2","dot","#D2D2D2","</b><br>Significant in: 1"
"EPN1","EPN1","dot","#D2D2D2","</b><br>Significant in: 1"
"EPN2","EPN2","dot","#D2D2D2","</b><br>Significant in: 1"
"EPS8L1","EPS8L1","dot","#A6A6A6","</b><br>Significant in: 2"
"EPS8L2","EPS8L2","dot","#A6A6A6","</b><br>Significant in: 2"
"ERCC2","ERCC2","dot","#FFFFFF","</b><br>Significant in: 0"
"ERGIC3","ERGIC3","dot","#A6A6A6","</b><br>Significant in: 2"
"ERICH6","ERICH6","dot","#D2D2D2","</b><br>Significant in: 1"
"ERP27","ERP27","dot","#FFFFFF","</b><br>Significant in: 0"
"ERRFI1","ERRFI1","dot","#4D4D4D","</b><br>Significant in: 4"
"F3","F3","dot","#FFFFFF","</b><br>Significant in: 0"
"FADS3","FADS3","dot","#A6A6A6","</b><br>Significant in: 2"
"FAM131A","FAM131A","dot","#A6A6A6","</b><br>Significant in: 2"
"FAM183A","FAM183A","dot","#FFFFFF","</b><br>Significant in: 0"
"FAM209B","FAM209B","dot","#FFFFFF","</b><br>Significant in: 0"
"FAM20A","FAM20A","dot","#FFFFFF","</b><br>Significant in: 0"
"FAM3A","FAM3A","dot","#FFFFFF","</b><br>Significant in: 0"
"FAM50A","FAM50A","dot","#D2D2D2","</b><br>Significant in: 1"
"FAM83G","FAM83G","dot","#D2D2D2","</b><br>Significant in: 1"
"FAM87B","FAM87B","dot","#D2D2D2","</b><br>Significant in: 1"
"FAM89B","FAM89B","dot","#FFFFFF","</b><br>Significant in: 0"
"FAT2","FAT2","dot","#FFFFFF","</b><br>Significant in: 0"
"FAT4","FAT4","dot","#D2D2D2","</b><br>Significant in: 1"
"FBP2","FBP2","dot","#FFFFFF","</b><br>Significant in: 0"
"FBXL13","FBXL13","dot","#FFFFFF","</b><br>Significant in: 0"
"FBXL14","FBXL14","dot","#D2D2D2","</b><br>Significant in: 1"
"FBXL18","FBXL18","dot","#FFFFFF","</b><br>Significant in: 0"
"FBXL19","FBXL19","dot","#FFFFFF","</b><br>Significant in: 0"
"FBXW5","FBXW5","dot","#D2D2D2","</b><br>Significant in: 1"
"FCHSD1","FCHSD1","dot","#797979","</b><br>Significant in: 3"
"FDX1","FDX1","dot","#A6A6A6","</b><br>Significant in: 2"
"FDXR","FDXR","dot","#A6A6A6","</b><br>Significant in: 2"
"FGFRL1","FGFRL1","dot","#FFFFFF","</b><br>Significant in: 0"
"FHIP2B","FHIP2B","dot","#FFFFFF","</b><br>Significant in: 0"
"FHL2","FHL2","dot","#D2D2D2","</b><br>Significant in: 1"
"FHL3","FHL3","dot","#FFFFFF","</b><br>Significant in: 0"
"FKBP2","FKBP2","dot","#D2D2D2","</b><br>Significant in: 1"
"FKBP8","FKBP8","dot","#FFFFFF","</b><br>Significant in: 0"
"FLACC1","FLACC1","dot","#FFFFFF","</b><br>Significant in: 0"
"FLNA","FLNA","dot","#D2D2D2","</b><br>Significant in: 1"
"FLRT1","FLRT1","dot","#FFFFFF","</b><br>Significant in: 0"
"FLYWCH1","FLYWCH1","dot","#D2D2D2","</b><br>Significant in: 1"
"FMN1","FMN1","dot","#797979","</b><br>Significant in: 3"
"FMNL2","FMNL2","dot","#D2D2D2","</b><br>Significant in: 1"
"FOXA2","FOXA2","dot","#D2D2D2","</b><br>Significant in: 1"
"FOXN3-AS1","FOXN3-AS1","dot","#FFFFFF","</b><br>Significant in: 0"
"FOXO6","FOXO6","dot","#FFFFFF","</b><br>Significant in: 0"
"FOXP4","FOXP4","dot","#D2D2D2","</b><br>Significant in: 1"
"FOXQ1","FOXQ1","dot","#FFFFFF","</b><br>Significant in: 0"
"FRMD5","FRMD5","dot","#D2D2D2","</b><br>Significant in: 1"
"FRS3","FRS3","dot","#D2D2D2","</b><br>Significant in: 1"
"FSCN1","FSCN1","dot","#A6A6A6","</b><br>Significant in: 2"
"FYB2","FYB2","dot","#FFFFFF","</b><br>Significant in: 0"
"FZD2","FZD2","dot","#A6A6A6","</b><br>Significant in: 2"
"G6PD","G6PD","dot","#D2D2D2","</b><br>Significant in: 1"
"GABRG2","GABRG2","dot","#FFFFFF","</b><br>Significant in: 0"
"GAD1","GAD1","dot","#FFFFFF","</b><br>Significant in: 0"
"GALNS","GALNS","dot","#A6A6A6","</b><br>Significant in: 2"
"GAN","GAN","dot","#A6A6A6","</b><br>Significant in: 2"
"GAREM1","GAREM1","dot","#D2D2D2","</b><br>Significant in: 1"
"GASK1B","GASK1B","dot","#A6A6A6","</b><br>Significant in: 2"
"GCNT7","GCNT7","dot","#D2D2D2","</b><br>Significant in: 1"
"GDF15","GDF15","dot","#797979","</b><br>Significant in: 3"
"GDF9","GDF9","dot","#FFFFFF","</b><br>Significant in: 0"
"GDI1","GDI1","dot","#D2D2D2","</b><br>Significant in: 1"
"GET4","GET4","dot","#D2D2D2","</b><br>Significant in: 1"
"GFER","GFER","dot","#FFFFFF","</b><br>Significant in: 0"
"GGT6","GGT6","dot","#797979","</b><br>Significant in: 3"
"GIPC1","GIPC1","dot","#D2D2D2","</b><br>Significant in: 1"
"GIPR","GIPR","dot","#FFFFFF","</b><br>Significant in: 0"
"GIT1","GIT1","dot","#FFFFFF","</b><br>Significant in: 0"
"GLIPR1","GLIPR1","dot","#FFFFFF","</b><br>Significant in: 0"
"GLIPR2","GLIPR2","dot","#FFFFFF","</b><br>Significant in: 0"
"GMIP","GMIP","dot","#D2D2D2","</b><br>Significant in: 1"
"GNA12","GNA12","dot","#D2D2D2","</b><br>Significant in: 1"
"GNAT2","GNAT2","dot","#D2D2D2","</b><br>Significant in: 1"
"GNB2","GNB2","dot","#D2D2D2","</b><br>Significant in: 1"
"GNG12-AS1","GNG12-AS1","dot","#D2D2D2","</b><br>Significant in: 1"
"GNRHR","GNRHR","dot","#FFFFFF","</b><br>Significant in: 0"
"GOLGA3","GOLGA3","dot","#797979","</b><br>Significant in: 3"
"GOLGA7B","GOLGA7B","dot","#D2D2D2","</b><br>Significant in: 1"
"GOLT1A","GOLT1A","dot","#FFFFFF","</b><br>Significant in: 0"
"GPATCH3","GPATCH3","dot","#D2D2D2","</b><br>Significant in: 1"
"GPC1","GPC1","dot","#D2D2D2","</b><br>Significant in: 1"
"GPC4","GPC4","dot","#A6A6A6","</b><br>Significant in: 2"
"GPR157","GPR157","dot","#D2D2D2","</b><br>Significant in: 1"
"GPR161","GPR161","dot","#FFFFFF","</b><br>Significant in: 0"
"GPR199P","GPR199P","dot","#FFFFFF","</b><br>Significant in: 0"
"GPR3","GPR3","dot","#A6A6A6","</b><br>Significant in: 2"
"GPR75","GPR75","dot","#D2D2D2","</b><br>Significant in: 1"
"GPR87","GPR87","dot","#A6A6A6","</b><br>Significant in: 2"
"GPS2","GPS2","dot","#FFFFFF","</b><br>Significant in: 0"
"GREP1","GREP1","dot","#FFFFFF","</b><br>Significant in: 0"
"GRHL3","GRHL3","dot","#A6A6A6","</b><br>Significant in: 2"
"GRIK4","GRIK4","dot","#A6A6A6","</b><br>Significant in: 2"
"GRIN2C","GRIN2C","dot","#D2D2D2","</b><br>Significant in: 1"
"GRINA","GRINA","dot","#D2D2D2","</b><br>Significant in: 1"
"GRIPAP1","GRIPAP1","dot","#D2D2D2","</b><br>Significant in: 1"
"GRN","GRN","dot","#FFFFFF","</b><br>Significant in: 0"
"GSK3A","GSK3A","dot","#D2D2D2","</b><br>Significant in: 1"
"GSN","GSN","dot","#4D4D4D","</b><br>Significant in: 4"
"GTF3C2-AS1","GTF3C2-AS1","dot","#D2D2D2","</b><br>Significant in: 1"
"H1-4","H1-4","dot","#FFFFFF","</b><br>Significant in: 0"
"HARS1","HARS1","dot","#D2D2D2","</b><br>Significant in: 1"
"HBEGF","HBEGF","dot","#D2D2D2","</b><br>Significant in: 1"
"HCN2","HCN2","dot","#D2D2D2","</b><br>Significant in: 1"
"HDAC11","HDAC11","dot","#D2D2D2","</b><br>Significant in: 1"
"HDAC7","HDAC7","dot","#FFFFFF","</b><br>Significant in: 0"
"HESX1","HESX1","dot","#A6A6A6","</b><br>Significant in: 2"
"HEXIM2","HEXIM2","dot","#D2D2D2","</b><br>Significant in: 1"
"HHAT","HHAT","dot","#FFFFFF","</b><br>Significant in: 0"
"HHLA3","HHLA3","dot","#D2D2D2","</b><br>Significant in: 1"
"HIGD1B","HIGD1B","dot","#FFFFFF","</b><br>Significant in: 0"
"HIGD2A","HIGD2A","dot","#FFFFFF","</b><br>Significant in: 0"
"HINFP","HINFP","dot","#FFFFFF","</b><br>Significant in: 0"
"HLA-DQB1","HLA-DQB1","dot","#A6A6A6","</b><br>Significant in: 2"
"HMGA1","HMGA1","dot","#A6A6A6","</b><br>Significant in: 2"
"HMGN3-AS1","HMGN3-AS1","dot","#FFFFFF","</b><br>Significant in: 0"
"HMOX1","HMOX1","dot","#4D4D4D","</b><br>Significant in: 4"
"HOMER3","HOMER3","dot","#FFFFFF","</b><br>Significant in: 0"
"HOXC4","HOXC4","dot","#FFFFFF","</b><br>Significant in: 0"
"HOXC8","HOXC8","dot","#D2D2D2","</b><br>Significant in: 1"
"HOXD8","HOXD8","dot","#D2D2D2","</b><br>Significant in: 1"
"HSD11B1L","HSD11B1L","dot","#FFFFFF","</b><br>Significant in: 0"
"HSF1","HSF1","dot","#FFFFFF","</b><br>Significant in: 0"
"HSF2BP","HSF2BP","dot","#FFFFFF","</b><br>Significant in: 0"
"HSPE1","HSPE1","dot","#FFFFFF","</b><br>Significant in: 0"
"HYAL2","HYAL2","dot","#D2D2D2","</b><br>Significant in: 1"
"IDH3G","IDH3G","dot","#D2D2D2","</b><br>Significant in: 1"
"IDUA","IDUA","dot","#D2D2D2","</b><br>Significant in: 1"
"IGDCC3","IGDCC3","dot","#D2D2D2","</b><br>Significant in: 1"
"IGF1R","IGF1R","dot","#A6A6A6","</b><br>Significant in: 2"
"IGF2BP2","IGF2BP2","dot","#A6A6A6","</b><br>Significant in: 2"
"IGSF9","IGSF9","dot","#D2D2D2","</b><br>Significant in: 1"
"IL17RA","IL17RA","dot","#D2D2D2","</b><br>Significant in: 1"
"IL17RD","IL17RD","dot","#D2D2D2","</b><br>Significant in: 1"
"IL18BP","IL18BP","dot","#D2D2D2","</b><br>Significant in: 1"
"INPP4A","INPP4A","dot","#A6A6A6","</b><br>Significant in: 2"
"INPP4B","INPP4B","dot","#A6A6A6","</b><br>Significant in: 2"
"INPP5A","INPP5A","dot","#A6A6A6","</b><br>Significant in: 2"
"INPP5D","INPP5D","dot","#D2D2D2","</b><br>Significant in: 1"
"INPP5E","INPP5E","dot","#FFFFFF","</b><br>Significant in: 0"
"INTS6","INTS6","dot","#A6A6A6","</b><br>Significant in: 2"
"IPO13","IPO13","dot","#D2D2D2","</b><br>Significant in: 1"
"IQCN","IQCN","dot","#D2D2D2","</b><br>Significant in: 1"
"ITGA3","ITGA3","dot","#D2D2D2","</b><br>Significant in: 1"
"ITGAV","ITGAV","dot","#D2D2D2","</b><br>Significant in: 1"
"ITGB8","ITGB8","dot","#D2D2D2","</b><br>Significant in: 1"
"ITM2C","ITM2C","dot","#A6A6A6","</b><br>Significant in: 2"
"JAKMIP3","JAKMIP3","dot","#FFFFFF","</b><br>Significant in: 0"
"JMJD8","JMJD8","dot","#FFFFFF","</b><br>Significant in: 0"
"KANK3","KANK3","dot","#D2D2D2","</b><br>Significant in: 1"
"KAZN","KAZN","dot","#797979","</b><br>Significant in: 3"
"KCND1","KCND1","dot","#D2D2D2","</b><br>Significant in: 1"
"KCNG2","KCNG2","dot","#FFFFFF","</b><br>Significant in: 0"
"KCNMB3","KCNMB3","dot","#FFFFFF","</b><br>Significant in: 0"
"KCNQ1OT1","KCNQ1OT1","dot","#D2D2D2","</b><br>Significant in: 1"
"KCNRG","KCNRG","dot","#FFFFFF","</b><br>Significant in: 0"
"KCTD11","KCTD11","dot","#D2D2D2","</b><br>Significant in: 1"
"KCTD5","KCTD5","dot","#A6A6A6","</b><br>Significant in: 2"
"KDF1","KDF1","dot","#FFFFFF","</b><br>Significant in: 0"
"KDM4B","KDM4B","dot","#D2D2D2","</b><br>Significant in: 1"
"KIF16B","KIF16B","dot","#A6A6A6","</b><br>Significant in: 2"
"KIFC2","KIFC2","dot","#FFFFFF","</b><br>Significant in: 0"
"KIFC3","KIFC3","dot","#A6A6A6","</b><br>Significant in: 2"
"KLC2","KLC2","dot","#D2D2D2","</b><br>Significant in: 1"
"KLC3","KLC3","dot","#FFFFFF","</b><br>Significant in: 0"
"KLHL18","KLHL18","dot","#D2D2D2","</b><br>Significant in: 1"
"KLHL29","KLHL29","dot","#D2D2D2","</b><br>Significant in: 1"
"KLHL36","KLHL36","dot","#A6A6A6","</b><br>Significant in: 2"
"KMT2D","KMT2D","dot","#FFFFFF","</b><br>Significant in: 0"
"KRT10","KRT10","dot","#FFFFFF","</b><br>Significant in: 0"
"KRT10-AS1","KRT10-AS1","dot","#FFFFFF","</b><br>Significant in: 0"
"KRT19","KRT19","dot","#A6A6A6","</b><br>Significant in: 2"
"L1CAM","L1CAM","dot","#A6A6A6","</b><br>Significant in: 2"
"LAMA5","LAMA5","dot","#FFFFFF","</b><br>Significant in: 0"
"LAMC1","LAMC1","dot","#797979","</b><br>Significant in: 3"
"LAT2","LAT2","dot","#D2D2D2","</b><br>Significant in: 1"
"LCAT","LCAT","dot","#A6A6A6","</b><br>Significant in: 2"
"LFNG","LFNG","dot","#A6A6A6","</b><br>Significant in: 2"
"LGALS1","LGALS1","dot","#A6A6A6","</b><br>Significant in: 2"
"LIF","LIF","dot","#797979","</b><br>Significant in: 3"
"LIMK1","LIMK1","dot","#D2D2D2","</b><br>Significant in: 1"
"LINC00304","LINC00304","dot","#A6A6A6","</b><br>Significant in: 2"
"LINC00472","LINC00472","dot","#797979","</b><br>Significant in: 3"
"LINC00885","LINC00885","dot","#FFFFFF","</b><br>Significant in: 0"
"LINC00994","LINC00994","dot","#D2D2D2","</b><br>Significant in: 1"
"LINC01016","LINC01016","dot","#FFFFFF","</b><br>Significant in: 0"
"LINC01128","LINC01128","dot","#D2D2D2","</b><br>Significant in: 1"
"LINC02288","LINC02288","dot","#FFFFFF","</b><br>Significant in: 0"
"LINC02381","LINC02381","dot","#D2D2D2","</b><br>Significant in: 1"
"LINC02762","LINC02762","dot","#D2D2D2","</b><br>Significant in: 1"
"LINC02861","LINC02861","dot","#FFFFFF","</b><br>Significant in: 0"
"LINC02893","LINC02893","dot","#FFFFFF","</b><br>Significant in: 0"
"LIPE","LIPE","dot","#D2D2D2","</b><br>Significant in: 1"
"LIPH","LIPH","dot","#A6A6A6","</b><br>Significant in: 2"
"LLGL1","LLGL1","dot","#D2D2D2","</b><br>Significant in: 1"
"LMF1","LMF1","dot","#A6A6A6","</b><br>Significant in: 2"
"LMTK3","LMTK3","dot","#D2D2D2","</b><br>Significant in: 1"
"LNCAROD","LNCAROD","dot","#A6A6A6","</b><br>Significant in: 2"
"LOH12CR2","LOH12CR2","dot","#D2D2D2","</b><br>Significant in: 1"
"LOXL1-AS1","LOXL1-AS1","dot","#D2D2D2","</b><br>Significant in: 1"
"LOXL2","LOXL2","dot","#D2D2D2","</b><br>Significant in: 1"
"LRCH4","LRCH4","dot","#FFFFFF","</b><br>Significant in: 0"
"LRFN5","LRFN5","dot","#A6A6A6","</b><br>Significant in: 2"
"LRPAP1","LRPAP1","dot","#A6A6A6","</b><br>Significant in: 2"
"LRRC69","LRRC69","dot","#FFFFFF","</b><br>Significant in: 0"
"LRWD1","LRWD1","dot","#D2D2D2","</b><br>Significant in: 1"
"LSM10","LSM10","dot","#FFFFFF","</b><br>Significant in: 0"
"LSMEM1","LSMEM1","dot","#D2D2D2","</b><br>Significant in: 1"
"LSS","LSS","dot","#D2D2D2","</b><br>Significant in: 1"
"LTBP1","LTBP1","dot","#A6A6A6","</b><br>Significant in: 2"
"LTBR","LTBR","dot","#D2D2D2","</b><br>Significant in: 1"
"LTO1","LTO1","dot","#FFFFFF","</b><br>Significant in: 0"
"LUC7L3","LUC7L3","dot","#FFFFFF","</b><br>Significant in: 0"
"LYPLA2","LYPLA2","dot","#D2D2D2","</b><br>Significant in: 1"
"LYSMD4","LYSMD4","dot","#D2D2D2","</b><br>Significant in: 1"
"MACC1","MACC1","dot","#4D4D4D","</b><br>Significant in: 4"
"MAGOH-DT","MAGOH-DT","dot","#FFFFFF","</b><br>Significant in: 0"
"MAML1","MAML1","dot","#A6A6A6","</b><br>Significant in: 2"
"MAN1B1","MAN1B1","dot","#A6A6A6","</b><br>Significant in: 2"
"MAN2B1","MAN2B1","dot","#FFFFFF","</b><br>Significant in: 0"
"MANSC4","MANSC4","dot","#FFFFFF","</b><br>Significant in: 0"
"MAP1S","MAP1S","dot","#D2D2D2","</b><br>Significant in: 1"
"MAP2","MAP2","dot","#FFFFFF","</b><br>Significant in: 0"
"MAP3K14","MAP3K14","dot","#A6A6A6","</b><br>Significant in: 2"
"MAPK10","MAPK10","dot","#D2D2D2","</b><br>Significant in: 1"
"MAPK11","MAPK11","dot","#D2D2D2","</b><br>Significant in: 1"
"MAPK12","MAPK12","dot","#FFFFFF","</b><br>Significant in: 0"
"MAPK7","MAPK7","dot","#FFFFFF","</b><br>Significant in: 0"
"MAPK8IP1","MAPK8IP1","dot","#D2D2D2","</b><br>Significant in: 1"
"MAPKAPK3","MAPKAPK3","dot","#797979","</b><br>Significant in: 3"
"MAPKBP1","MAPKBP1","dot","#FFFFFF","</b><br>Significant in: 0"
"MAPRE3","MAPRE3","dot","#A6A6A6","</b><br>Significant in: 2"
"MARK4","MARK4","dot","#A6A6A6","</b><br>Significant in: 2"
"MAST3","MAST3","dot","#D2D2D2","</b><br>Significant in: 1"
"MAST4","MAST4","dot","#797979","</b><br>Significant in: 3"
"MAU2","MAU2","dot","#D2D2D2","</b><br>Significant in: 1"
"MBD1","MBD1","dot","#D2D2D2","</b><br>Significant in: 1"
"MBD6","MBD6","dot","#D2D2D2","</b><br>Significant in: 1"
"MBLAC1","MBLAC1","dot","#FFFFFF","</b><br>Significant in: 0"
"MCRIP1","MCRIP1","dot","#A6A6A6","</b><br>Significant in: 2"
"MED15","MED15","dot","#FFFFFF","</b><br>Significant in: 0"
"MED25","MED25","dot","#FFFFFF","</b><br>Significant in: 0"
"MEIS3","MEIS3","dot","#FFFFFF","</b><br>Significant in: 0"
"METTL22","METTL22","dot","#A6A6A6","</b><br>Significant in: 2"
"MEX3A","MEX3A","dot","#A6A6A6","</b><br>Significant in: 2"
"MFF","MFF","dot","#D2D2D2","</b><br>Significant in: 1"
"MFGE8","MFGE8","dot","#FFFFFF","</b><br>Significant in: 0"
"MFSD10","MFSD10","dot","#D2D2D2","</b><br>Significant in: 1"
"MFSD3","MFSD3","dot","#D2D2D2","</b><br>Significant in: 1"
"MFSD4B","MFSD4B","dot","#D2D2D2","</b><br>Significant in: 1"
"MGAT4B","MGAT4B","dot","#FFFFFF","</b><br>Significant in: 0"
"MIAT","MIAT","dot","#D2D2D2","</b><br>Significant in: 1"
"MIB2","MIB2","dot","#FFFFFF","</b><br>Significant in: 0"
"MICAL1","MICAL1","dot","#D2D2D2","</b><br>Significant in: 1"
"MICALL1","MICALL1","dot","#A6A6A6","</b><br>Significant in: 2"
"MIEN1","MIEN1","dot","#D2D2D2","</b><br>Significant in: 1"
"MINK1","MINK1","dot","#FFFFFF","</b><br>Significant in: 0"
"MIR3189","MIR3189","dot","#D2D2D2","</b><br>Significant in: 1"
"MIR4429","MIR4429","dot","#FFFFFF","</b><br>Significant in: 0"
"MIR600HG","MIR600HG","dot","#D2D2D2","</b><br>Significant in: 1"
"MIR635","MIR635","dot","#FFFFFF","</b><br>Significant in: 0"
"MLLT11","MLLT11","dot","#D2D2D2","</b><br>Significant in: 1"
"MMP24","MMP24","dot","#FFFFFF","</b><br>Significant in: 0"
"MMP9","MMP9","dot","#FFFFFF","</b><br>Significant in: 0"
"MN1","MN1","dot","#FFFFFF","</b><br>Significant in: 0"
"MOGS","MOGS","dot","#D2D2D2","</b><br>Significant in: 1"
"MPG","MPG","dot","#D2D2D2","</b><br>Significant in: 1"
"MPV17L2","MPV17L2","dot","#D2D2D2","</b><br>Significant in: 1"
"MPZL3","MPZL3","dot","#4D4D4D","</b><br>Significant in: 4"
"MRGBP","MRGBP","dot","#FFFFFF","</b><br>Significant in: 0"
"MRPL28","MRPL28","dot","#A6A6A6","</b><br>Significant in: 2"
"MRPL38","MRPL38","dot","#FFFFFF","</b><br>Significant in: 0"
"MRPL50","MRPL50","dot","#D2D2D2","</b><br>Significant in: 1"
"MRPL53","MRPL53","dot","#FFFFFF","</b><br>Significant in: 0"
"MRPS18A","MRPS18A","dot","#FFFFFF","</b><br>Significant in: 0"
"MRTFA","MRTFA","dot","#FFFFFF","</b><br>Significant in: 0"
"MSANTD2","MSANTD2","dot","#FFFFFF","</b><br>Significant in: 0"
"MSANTD2-AS1","MSANTD2-AS1","dot","#D2D2D2","</b><br>Significant in: 1"
"MSRB3","MSRB3","dot","#FFFFFF","</b><br>Significant in: 0"
"MST1","MST1","dot","#D2D2D2","</b><br>Significant in: 1"
"MTFMT","MTFMT","dot","#D2D2D2","</b><br>Significant in: 1"
"MTRFR","MTRFR","dot","#D2D2D2","</b><br>Significant in: 1"
"MTUS2","MTUS2","dot","#FFFFFF","</b><br>Significant in: 0"
"MUC19","MUC19","dot","#797979","</b><br>Significant in: 3"
"MVP","MVP","dot","#A6A6A6","</b><br>Significant in: 2"
"MYEOV","MYEOV","dot","#A6A6A6","</b><br>Significant in: 2"
"MYH14","MYH14","dot","#FFFFFF","</b><br>Significant in: 0"
"MYL12-AS1","MYL12-AS1","dot","#D2D2D2","</b><br>Significant in: 1"
"MYPN","MYPN","dot","#797979","</b><br>Significant in: 3"
"N6AMT1","N6AMT1","dot","#D2D2D2","</b><br>Significant in: 1"
"NAA10","NAA10","dot","#D2D2D2","</b><br>Significant in: 1"
"NAA60","NAA60","dot","#FFFFFF","</b><br>Significant in: 0"
"NAB2","NAB2","dot","#D2D2D2","</b><br>Significant in: 1"
"NACC1","NACC1","dot","#FFFFFF","</b><br>Significant in: 0"
"NAXE","NAXE","dot","#D2D2D2","</b><br>Significant in: 1"
"NDST2","NDST2","dot","#D2D2D2","</b><br>Significant in: 1"
"NDUFA11","NDUFA11","dot","#FFFFFF","</b><br>Significant in: 0"
"NDUFAF8","NDUFAF8","dot","#FFFFFF","</b><br>Significant in: 0"
"NECTIN4","NECTIN4","dot","#FFFFFF","</b><br>Significant in: 0"
"NEDD4L","NEDD4L","dot","#797979","</b><br>Significant in: 3"
"NFKBIE","NFKBIE","dot","#FFFFFF","</b><br>Significant in: 0"
"NGRN","NGRN","dot","#A6A6A6","</b><br>Significant in: 2"
"NHLH1","NHLH1","dot","#A6A6A6","</b><br>Significant in: 2"
"NHLH2","NHLH2","dot","#797979","</b><br>Significant in: 3"
"NINJ1","NINJ1","dot","#FFFFFF","</b><br>Significant in: 0"
"NINJ2-AS1","NINJ2-AS1","dot","#A6A6A6","</b><br>Significant in: 2"
"NIPA1","NIPA1","dot","#D2D2D2","</b><br>Significant in: 1"
"NIPAL1","NIPAL1","dot","#D2D2D2","</b><br>Significant in: 1"
"NKIRAS2","NKIRAS2","dot","#A6A6A6","</b><br>Significant in: 2"
"NKPD1","NKPD1","dot","#FFFFFF","</b><br>Significant in: 0"
"NLRC3","NLRC3","dot","#FFFFFF","</b><br>Significant in: 0"
"NOMO1","NOMO1","dot","#D2D2D2","</b><br>Significant in: 1"
"NOSIP","NOSIP","dot","#FFFFFF","</b><br>Significant in: 0"
"NOTCH1","NOTCH1","dot","#797979","</b><br>Significant in: 3"
"NOTCH3","NOTCH3","dot","#797979","</b><br>Significant in: 3"
"NOX1","NOX1","dot","#FFFFFF","</b><br>Significant in: 0"
"NOX5","NOX5","dot","#D2D2D2","</b><br>Significant in: 1"
"NPAS2","NPAS2","dot","#D2D2D2","</b><br>Significant in: 1"
"NPIPB11","NPIPB11","dot","#FFFFFF","</b><br>Significant in: 0"
"NPIPB3","NPIPB3","dot","#D2D2D2","</b><br>Significant in: 1"
"NPIPB4","NPIPB4","dot","#FFFFFF","</b><br>Significant in: 0"
"NPIPB5","NPIPB5","dot","#FFFFFF","</b><br>Significant in: 0"
"NPRL3","NPRL3","dot","#D2D2D2","</b><br>Significant in: 1"
"NR6A1","NR6A1","dot","#D2D2D2","</b><br>Significant in: 1"
"NUDT14","NUDT14","dot","#FFFFFF","</b><br>Significant in: 0"
"NUP42","NUP42","dot","#FFFFFF","</b><br>Significant in: 0"
"NUTM2B","NUTM2B","dot","#FFFFFF","</b><br>Significant in: 0"
"NUTM2B-AS1","NUTM2B-AS1","dot","#D2D2D2","</b><br>Significant in: 1"
"NUTM2G","NUTM2G","dot","#D2D2D2","</b><br>Significant in: 1"
"NXN","NXN","dot","#FFFFFF","</b><br>Significant in: 0"
"OLFML3","OLFML3","dot","#D2D2D2","</b><br>Significant in: 1"
"OTUB1","OTUB1","dot","#D2D2D2","</b><br>Significant in: 1"
"OTUD3","OTUD3","dot","#A6A6A6","</b><br>Significant in: 2"
"P2RY1","P2RY1","dot","#FFFFFF","</b><br>Significant in: 0"
"P3H2","P3H2","dot","#A6A6A6","</b><br>Significant in: 2"
"PABPN1L","PABPN1L","dot","#FFFFFF","</b><br>Significant in: 0"
"PACS2","PACS2","dot","#FFFFFF","</b><br>Significant in: 0"
"PAQR7","PAQR7","dot","#FFFFFF","</b><br>Significant in: 0"
"PARS2","PARS2","dot","#FFFFFF","</b><br>Significant in: 0"
"PAX6","PAX6","dot","#FFFFFF","</b><br>Significant in: 0"
"PAX8-AS1","PAX8-AS1","dot","#D2D2D2","</b><br>Significant in: 1"
"PAX9","PAX9","dot","#797979","</b><br>Significant in: 3"
"PCAT6","PCAT6","dot","#D2D2D2","</b><br>Significant in: 1"
"PCBP4","PCBP4","dot","#D2D2D2","</b><br>Significant in: 1"
"PCDHA7","PCDHA7","dot","#D2D2D2","</b><br>Significant in: 1"
"PCDHAC2","PCDHAC2","dot","#FFFFFF","</b><br>Significant in: 0"
"PCDHGA8","PCDHGA8","dot","#FFFFFF","</b><br>Significant in: 0"
"PCDHGC4","PCDHGC4","dot","#FFFFFF","</b><br>Significant in: 0"
"PCGF1","PCGF1","dot","#D2D2D2","</b><br>Significant in: 1"
"PCNX3","PCNX3","dot","#D2D2D2","</b><br>Significant in: 1"
"PCSK7","PCSK7","dot","#D2D2D2","</b><br>Significant in: 1"
"PDE9A","PDE9A","dot","#A6A6A6","</b><br>Significant in: 2"
"PDGFA","PDGFA","dot","#D2D2D2","</b><br>Significant in: 1"
"PDGFA-DT","PDGFA-DT","dot","#D2D2D2","</b><br>Significant in: 1"
"PDLIM7","PDLIM7","dot","#D2D2D2","</b><br>Significant in: 1"
"PDXDC1","PDXDC1","dot","#A6A6A6","</b><br>Significant in: 2"
"PEPD","PEPD","dot","#D2D2D2","</b><br>Significant in: 1"
"PEX16","PEX16","dot","#A6A6A6","</b><br>Significant in: 2"
"PFDN5","PFDN5","dot","#D2D2D2","</b><br>Significant in: 1"
"PGAP6","PGAP6","dot","#A6A6A6","</b><br>Significant in: 2"
"PGS1","PGS1","dot","#FFFFFF","</b><br>Significant in: 0"
"PHF21B","PHF21B","dot","#D2D2D2","</b><br>Significant in: 1"
"PHLDA1","PHLDA1","dot","#4D4D4D","</b><br>Significant in: 4"
"PHLDA3","PHLDA3","dot","#A6A6A6","</b><br>Significant in: 2"
"PHPT1","PHPT1","dot","#D2D2D2","</b><br>Significant in: 1"
"PHTF1","PHTF1","dot","#FFFFFF","</b><br>Significant in: 0"
"PI4K2A","PI4K2A","dot","#FFFFFF","</b><br>Significant in: 0"
"PICK1","PICK1","dot","#D2D2D2","</b><br>Significant in: 1"
"PIERCE1","PIERCE1","dot","#FFFFFF","</b><br>Significant in: 0"
"PIGB","PIGB","dot","#D2D2D2","</b><br>Significant in: 1"
"PIH1D2","PIH1D2","dot","#D2D2D2","</b><br>Significant in: 1"
"PIN4","PIN4","dot","#FFFFFF","</b><br>Significant in: 0"
"PIR","PIR","dot","#D2D2D2","</b><br>Significant in: 1"
"PITPNM1","PITPNM1","dot","#D2D2D2","</b><br>Significant in: 1"
"PJVK","PJVK","dot","#FFFFFF","</b><br>Significant in: 0"
"PKIG","PKIG","dot","#D2D2D2","</b><br>Significant in: 1"
"PLAGL2","PLAGL2","dot","#A6A6A6","</b><br>Significant in: 2"
"PLAT","PLAT","dot","#D2D2D2","</b><br>Significant in: 1"
"PLBD2","PLBD2","dot","#D2D2D2","</b><br>Significant in: 1"
"PLCD3","PLCD3","dot","#D2D2D2","</b><br>Significant in: 1"
"PLCD4","PLCD4","dot","#FFFFFF","</b><br>Significant in: 0"
"PLEK2","PLEK2","dot","#FFFFFF","</b><br>Significant in: 0"
"PLEKHH3","PLEKHH3","dot","#D2D2D2","</b><br>Significant in: 1"
"PLEKHO2","PLEKHO2","dot","#A6A6A6","</b><br>Significant in: 2"
"PLK3","PLK3","dot","#A6A6A6","</b><br>Significant in: 2"
"PLOD3","PLOD3","dot","#D2D2D2","</b><br>Significant in: 1"
"PLPP2","PLPP2","dot","#D2D2D2","</b><br>Significant in: 1"
"PLXNA3","PLXNA3","dot","#D2D2D2","</b><br>Significant in: 1"
"PLXNB2","PLXNB2","dot","#D2D2D2","</b><br>Significant in: 1"
"PLXNB3","PLXNB3","dot","#D2D2D2","</b><br>Significant in: 1"
"PMS2P3","PMS2P3","dot","#FFFFFF","</b><br>Significant in: 0"
"PNKD","PNKD","dot","#D2D2D2","</b><br>Significant in: 1"
"POFUT2","POFUT2","dot","#A6A6A6","</b><br>Significant in: 2"
"POLL","POLL","dot","#FFFFFF","</b><br>Significant in: 0"
"POLM","POLM","dot","#D2D2D2","</b><br>Significant in: 1"
"POLR2A","POLR2A","dot","#A6A6A6","</b><br>Significant in: 2"
"POLR2L","POLR2L","dot","#FFFFFF","</b><br>Significant in: 0"
"POLR3E","POLR3E","dot","#D2D2D2","</b><br>Significant in: 1"
"POM121","POM121","dot","#A6A6A6","</b><br>Significant in: 2"
"PORCN","PORCN","dot","#FFFFFF","</b><br>Significant in: 0"
"PPARD","PPARD","dot","#A6A6A6","</b><br>Significant in: 2"
"PPM1J","PPM1J","dot","#D2D2D2","</b><br>Significant in: 1"
"PPP1R12C","PPP1R12C","dot","#FFFFFF","</b><br>Significant in: 0"
"PPP1R14B","PPP1R14B","dot","#A6A6A6","</b><br>Significant in: 2"
"PPP1R14C","PPP1R14C","dot","#FFFFFF","</b><br>Significant in: 0"
"PPP6R1","PPP6R1","dot","#FFFFFF","</b><br>Significant in: 0"
"PPP6R2","PPP6R2","dot","#FFFFFF","</b><br>Significant in: 0"
"PQBP1","PQBP1","dot","#FFFFFF","</b><br>Significant in: 0"
"PRANCR","PRANCR","dot","#FFFFFF","</b><br>Significant in: 0"
"PRDX5","PRDX5","dot","#FFFFFF","</b><br>Significant in: 0"
"PRKACA","PRKACA","dot","#D2D2D2","</b><br>Significant in: 1"
"PRKAG2","PRKAG2","dot","#A6A6A6","</b><br>Significant in: 2"
"PRKCZ-AS1","PRKCZ-AS1","dot","#D2D2D2","</b><br>Significant in: 1"
"PRKD2","PRKD2","dot","#D2D2D2","</b><br>Significant in: 1"
"PRMT1","PRMT1","dot","#D2D2D2","</b><br>Significant in: 1"
"PRMT2","PRMT2","dot","#A6A6A6","</b><br>Significant in: 2"
"PROM2","PROM2","dot","#D2D2D2","</b><br>Significant in: 1"
"PROSER2-AS1","PROSER2-AS1","dot","#FFFFFF","</b><br>Significant in: 0"
"PRPF3","PRPF3","dot","#797979","</b><br>Significant in: 3"
"PRRG2","PRRG2","dot","#D2D2D2","</b><br>Significant in: 1"
"PRRT3-AS1","PRRT3-AS1","dot","#FFFFFF","</b><br>Significant in: 0"
"PRSS22","PRSS22","dot","#D2D2D2","</b><br>Significant in: 1"
"PRSS8","PRSS8","dot","#A6A6A6","</b><br>Significant in: 2"
"PSEN2","PSEN2","dot","#D2D2D2","</b><br>Significant in: 1"
"PSG9","PSG9","dot","#FFFFFF","</b><br>Significant in: 0"
"PSMB6","PSMB6","dot","#FFFFFF","</b><br>Significant in: 0"
"PSMD6-AS2","PSMD6-AS2","dot","#A6A6A6","</b><br>Significant in: 2"
"PSMG3-AS1","PSMG3-AS1","dot","#797979","</b><br>Significant in: 3"
"PTCH1","PTCH1","dot","#FFFFFF","</b><br>Significant in: 0"
"PTPN14","PTPN14","dot","#A6A6A6","</b><br>Significant in: 2"
"PTPRF","PTPRF","dot","#D2D2D2","</b><br>Significant in: 1"
"PTPRK","PTPRK","dot","#A6A6A6","</b><br>Significant in: 2"
"PTRHD1","PTRHD1","dot","#FFFFFF","</b><br>Significant in: 0"
"PURPL","PURPL","dot","#A6A6A6","</b><br>Significant in: 2"
"PUS3","PUS3","dot","#FFFFFF","</b><br>Significant in: 0"
"PWWP2B","PWWP2B","dot","#A6A6A6","</b><br>Significant in: 2"
"PXK","PXK","dot","#FFFFFF","</b><br>Significant in: 0"
"PYCARD","PYCARD","dot","#FFFFFF","</b><br>Significant in: 0"
"QSOX2","QSOX2","dot","#A6A6A6","</b><br>Significant in: 2"
"R3HCC1","R3HCC1","dot","#A6A6A6","</b><br>Significant in: 2"
"R3HDM4","R3HDM4","dot","#FFFFFF","</b><br>Significant in: 0"
"RAB3IL1","RAB3IL1","dot","#FFFFFF","</b><br>Significant in: 0"
"RAB40C","RAB40C","dot","#FFFFFF","</b><br>Significant in: 0"
"RAB41","RAB41","dot","#FFFFFF","</b><br>Significant in: 0"
"RABEP2","RABEP2","dot","#FFFFFF","</b><br>Significant in: 0"
"RABGGTA","RABGGTA","dot","#D2D2D2","</b><br>Significant in: 1"
"RABL2A","RABL2A","dot","#FFFFFF","</b><br>Significant in: 0"
"RABL2B","RABL2B","dot","#D2D2D2","</b><br>Significant in: 1"
"RACK1","RACK1","dot","#D2D2D2","</b><br>Significant in: 1"
"RAD17","RAD17","dot","#D2D2D2","</b><br>Significant in: 1"
"RAD23A","RAD23A","dot","#D2D2D2","</b><br>Significant in: 1"
"RALY","RALY","dot","#FFFFFF","</b><br>Significant in: 0"
"RAPGEF6","RAPGEF6","dot","#D2D2D2","</b><br>Significant in: 1"
"RAPGEFL1","RAPGEFL1","dot","#4D4D4D","</b><br>Significant in: 4"
"RASAL2-AS1","RASAL2-AS1","dot","#FFFFFF","</b><br>Significant in: 0"
"RASGRP1","RASGRP1","dot","#797979","</b><br>Significant in: 3"
"RASSF3","RASSF3","dot","#D2D2D2","</b><br>Significant in: 1"
"RBM33-DT","RBM33-DT","dot","#A6A6A6","</b><br>Significant in: 2"
"RBMS2","RBMS2","dot","#A6A6A6","</b><br>Significant in: 2"
"RBPMS","RBPMS","dot","#D2D2D2","</b><br>Significant in: 1"
"RCE1","RCE1","dot","#FFFFFF","</b><br>Significant in: 0"
"RDH5","RDH5","dot","#D2D2D2","</b><br>Significant in: 1"
"RELL2","RELL2","dot","#797979","</b><br>Significant in: 3"
"RELT","RELT","dot","#D2D2D2","</b><br>Significant in: 1"
"REM2","REM2","dot","#D2D2D2","</b><br>Significant in: 1"
"REXO1","REXO1","dot","#FFFFFF","</b><br>Significant in: 0"
"RFX1","RFX1","dot","#FFFFFF","</b><br>Significant in: 0"
"RGL4","RGL4","dot","#FFFFFF","</b><br>Significant in: 0"
"RHBDD2","RHBDD2","dot","#FFFFFF","</b><br>Significant in: 0"
"RHBDF1","RHBDF1","dot","#D2D2D2","</b><br>Significant in: 1"
"RHBDF2","RHBDF2","dot","#FFFFFF","</b><br>Significant in: 0"
"RHOD","RHOD","dot","#D2D2D2","</b><br>Significant in: 1"
"RIBC1","RIBC1","dot","#FFFFFF","</b><br>Significant in: 0"
"RILPL1","RILPL1","dot","#FFFFFF","</b><br>Significant in: 0"
"RIPK2-DT","RIPK2-DT","dot","#FFFFFF","</b><br>Significant in: 0"
"RIPOR1","RIPOR1","dot","#A6A6A6","</b><br>Significant in: 2"
"RNASEK","RNASEK","dot","#FFFFFF","</b><br>Significant in: 0"
"RNF123","RNF123","dot","#D2D2D2","</b><br>Significant in: 1"
"RNF145","RNF145","dot","#797979","</b><br>Significant in: 3"
"RNF166","RNF166","dot","#D2D2D2","</b><br>Significant in: 1"
"RNF216P1","RNF216P1","dot","#D2D2D2","</b><br>Significant in: 1"
"RNF24","RNF24","dot","#A6A6A6","</b><br>Significant in: 2"
"RNF25","RNF25","dot","#D2D2D2","</b><br>Significant in: 1"
"RNU6-8","RNU6-8","dot","#FFFFFF","</b><br>Significant in: 0"
"RNVU1-14","RNVU1-14","dot","#FFFFFF","</b><br>Significant in: 0"
"ROGDI","ROGDI","dot","#D2D2D2","</b><br>Significant in: 1"
"ROMO1","ROMO1","dot","#D2D2D2","</b><br>Significant in: 1"
"RPL26L1","RPL26L1","dot","#FFFFFF","</b><br>Significant in: 0"
"RPL26L1-AS1","RPL26L1-AS1","dot","#FFFFFF","</b><br>Significant in: 0"
"RPL28","RPL28","dot","#FFFFFF","</b><br>Significant in: 0"
"RPL6","RPL6","dot","#D2D2D2","</b><br>Significant in: 1"
"RPS17","RPS17","dot","#D2D2D2","</b><br>Significant in: 1"
"RPS19","RPS19","dot","#D2D2D2","</b><br>Significant in: 1"
"RPS28","RPS28","dot","#FFFFFF","</b><br>Significant in: 0"
"RPUSD4","RPUSD4","dot","#D2D2D2","</b><br>Significant in: 1"
"RRBP1","RRBP1","dot","#797979","</b><br>Significant in: 3"
"RRM2B","RRM2B","dot","#797979","</b><br>Significant in: 3"
"RSPH9","RSPH9","dot","#FFFFFF","</b><br>Significant in: 0"
"RTL8A","RTL8A","dot","#D2D2D2","</b><br>Significant in: 1"
"RTL8C","RTL8C","dot","#FFFFFF","</b><br>Significant in: 0"
"S100A11","S100A11","dot","#4D4D4D","</b><br>Significant in: 4"
"SAMD10","SAMD10","dot","#FFFFFF","</b><br>Significant in: 0"
"SATB2","SATB2","dot","#797979","</b><br>Significant in: 3"
"SBF1","SBF1","dot","#D2D2D2","</b><br>Significant in: 1"
"SCAMP4","SCAMP4","dot","#D2D2D2","</b><br>Significant in: 1"
"SCAP","SCAP","dot","#FFFFFF","</b><br>Significant in: 0"
"SCIN","SCIN","dot","#A6A6A6","</b><br>Significant in: 2"
"SCUBE2","SCUBE2","dot","#797979","</b><br>Significant in: 3"
"SCYL1","SCYL1","dot","#D2D2D2","</b><br>Significant in: 1"
"SDK2","SDK2","dot","#4D4D4D","</b><br>Significant in: 4"
"SEC61A2","SEC61A2","dot","#D2D2D2","</b><br>Significant in: 1"
"SEC61B","SEC61B","dot","#797979","</b><br>Significant in: 3"
"SELENON","SELENON","dot","#A6A6A6","</b><br>Significant in: 2"
"SEMA6B","SEMA6B","dot","#A6A6A6","</b><br>Significant in: 2"
"SEMA7A","SEMA7A","dot","#D2D2D2","</b><br>Significant in: 1"
"SERINC2","SERINC2","dot","#FFFFFF","</b><br>Significant in: 0"
"SERPINE3","SERPINE3","dot","#D2D2D2","</b><br>Significant in: 1"
"SERPINH1","SERPINH1","dot","#D2D2D2","</b><br>Significant in: 1"
"SGSH","SGSH","dot","#D2D2D2","</b><br>Significant in: 1"
"SH3BGRL3","SH3BGRL3","dot","#A6A6A6","</b><br>Significant in: 2"
"SH3GL1","SH3GL1","dot","#D2D2D2","</b><br>Significant in: 1"
"SH3GLB2","SH3GLB2","dot","#A6A6A6","</b><br>Significant in: 2"
"SHC4","SHC4","dot","#D2D2D2","</b><br>Significant in: 1"
"SHF","SHF","dot","#FFFFFF","</b><br>Significant in: 0"
"SHISA9","SHISA9","dot","#D2D2D2","</b><br>Significant in: 1"
"SHKBP1","SHKBP1","dot","#D2D2D2","</b><br>Significant in: 1"
"SHOX2","SHOX2","dot","#A6A6A6","</b><br>Significant in: 2"
"SIN3B","SIN3B","dot","#A6A6A6","</b><br>Significant in: 2"
"SIPA1","SIPA1","dot","#FFFFFF","</b><br>Significant in: 0"
"SLC12A4","SLC12A4","dot","#D2D2D2","</b><br>Significant in: 1"
"SLC16A4","SLC16A4","dot","#FFFFFF","</b><br>Significant in: 0"
"SLC17A5","SLC17A5","dot","#FFFFFF","</b><br>Significant in: 0"
"SLC22A23","SLC22A23","dot","#A6A6A6","</b><br>Significant in: 2"
"SLC23A3","SLC23A3","dot","#A6A6A6","</b><br>Significant in: 2"
"SLC25A21","SLC25A21","dot","#A6A6A6","</b><br>Significant in: 2"
"SLC26A1","SLC26A1","dot","#FFFFFF","</b><br>Significant in: 0"
"SLC29A4","SLC29A4","dot","#D2D2D2","</b><br>Significant in: 1"
"SLC2A6","SLC2A6","dot","#D2D2D2","</b><br>Significant in: 1"
"SLC37A1","SLC37A1","dot","#A6A6A6","</b><br>Significant in: 2"
"SLC39A13","SLC39A13","dot","#D2D2D2","</b><br>Significant in: 1"
"SLC48A1","SLC48A1","dot","#D2D2D2","</b><br>Significant in: 1"
"SLC52A2","SLC52A2","dot","#D2D2D2","</b><br>Significant in: 1"
"SLC5A10","SLC5A10","dot","#FFFFFF","</b><br>Significant in: 0"
"SLC6A6","SLC6A6","dot","#4D4D4D","</b><br>Significant in: 4"
"SLC6A8","SLC6A8","dot","#797979","</b><br>Significant in: 3"
"SLC8B1","SLC8B1","dot","#D2D2D2","</b><br>Significant in: 1"
"SLC9A1","SLC9A1","dot","#A6A6A6","</b><br>Significant in: 2"
"SLC9B1","SLC9B1","dot","#D2D2D2","</b><br>Significant in: 1"
"SLCO2A1","SLCO2A1","dot","#FFFFFF","</b><br>Significant in: 0"
"SLX4","SLX4","dot","#A6A6A6","</b><br>Significant in: 2"
"SMIM10L2A","SMIM10L2A","dot","#FFFFFF","</b><br>Significant in: 0"
"SMIM29","SMIM29","dot","#D2D2D2","</b><br>Significant in: 1"
"SMIM5","SMIM5","dot","#FFFFFF","</b><br>Significant in: 0"
"SNAI1","SNAI1","dot","#D2D2D2","</b><br>Significant in: 1"
"SNAI3","SNAI3","dot","#FFFFFF","</b><br>Significant in: 0"
"SNAI3-AS1","SNAI3-AS1","dot","#A6A6A6","</b><br>Significant in: 2"
"SNORA14B","SNORA14B","dot","#FFFFFF","</b><br>Significant in: 0"
"SNORA65","SNORA65","dot","#FFFFFF","</b><br>Significant in: 0"
"SNRPF","SNRPF","dot","#FFFFFF","</b><br>Significant in: 0"
"SNX25","SNX25","dot","#FFFFFF","</b><br>Significant in: 0"
"SOCS3-DT","SOCS3-DT","dot","#D2D2D2","</b><br>Significant in: 1"
"SPACA6","SPACA6","dot","#D2D2D2","</b><br>Significant in: 1"
"SPATC1L","SPATC1L","dot","#D2D2D2","</b><br>Significant in: 1"
"SPDYE1","SPDYE1","dot","#D2D2D2","</b><br>Significant in: 1"
"SPDYE2","SPDYE2","dot","#FFFFFF","</b><br>Significant in: 0"
"SPDYE5","SPDYE5","dot","#D2D2D2","</b><br>Significant in: 1"
"SPESP1","SPESP1","dot","#D2D2D2","</b><br>Significant in: 1"
"SPHK2","SPHK2","dot","#FFFFFF","</b><br>Significant in: 0"
"SPINDOC","SPINDOC","dot","#D2D2D2","</b><br>Significant in: 1"
"SPINT1","SPINT1","dot","#D2D2D2","</b><br>Significant in: 1"
"SPOCK2","SPOCK2","dot","#FFFFFF","</b><br>Significant in: 0"
"SPRED1","SPRED1","dot","#D2D2D2","</b><br>Significant in: 1"
"SPRY3","SPRY3","dot","#FFFFFF","</b><br>Significant in: 0"
"SPTAN1","SPTAN1","dot","#D2D2D2","</b><br>Significant in: 1"
"SPTB","SPTB","dot","#D2D2D2","</b><br>Significant in: 1"
"SRA1","SRA1","dot","#A6A6A6","</b><br>Significant in: 2"
"SRCAP","SRCAP","dot","#FFFFFF","</b><br>Significant in: 0"
"SRRM2-AS1","SRRM2-AS1","dot","#FFFFFF","</b><br>Significant in: 0"
"SRRM5","SRRM5","dot","#D2D2D2","</b><br>Significant in: 1"
"ST8SIA6-AS1","ST8SIA6-AS1","dot","#A6A6A6","</b><br>Significant in: 2"
"STARD3","STARD3","dot","#FFFFFF","</b><br>Significant in: 0"
"STEAP3-AS1","STEAP3-AS1","dot","#FFFFFF","</b><br>Significant in: 0"
"STK11","STK11","dot","#D2D2D2","</b><br>Significant in: 1"
"STK40","STK40","dot","#A6A6A6","</b><br>Significant in: 2"
"STMN3","STMN3","dot","#D2D2D2","</b><br>Significant in: 1"
"STPG2","STPG2","dot","#FFFFFF","</b><br>Significant in: 0"
"STRN4","STRN4","dot","#D2D2D2","</b><br>Significant in: 1"
"STX4","STX4","dot","#D2D2D2","</b><br>Significant in: 1"
"SUGP2","SUGP2","dot","#D2D2D2","</b><br>Significant in: 1"
"SULT2B1","SULT2B1","dot","#FFFFFF","</b><br>Significant in: 0"
"SURF2","SURF2","dot","#D2D2D2","</b><br>Significant in: 1"
"SYTL2","SYTL2","dot","#797979","</b><br>Significant in: 3"
"SYVN1","SYVN1","dot","#A6A6A6","</b><br>Significant in: 2"
"SZT2","SZT2","dot","#FFFFFF","</b><br>Significant in: 0"
"TADA3","TADA3","dot","#D2D2D2","</b><br>Significant in: 1"
"TAF10","TAF10","dot","#D2D2D2","</b><br>Significant in: 1"
"TAF1A","TAF1A","dot","#FFFFFF","</b><br>Significant in: 0"
"TAF4","TAF4","dot","#A6A6A6","</b><br>Significant in: 2"
"TAOK2","TAOK2","dot","#A6A6A6","</b><br>Significant in: 2"
"TBC1D24","TBC1D24","dot","#FFFFFF","</b><br>Significant in: 0"
"TBX19","TBX19","dot","#D2D2D2","</b><br>Significant in: 1"
"TBX2-AS1","TBX2-AS1","dot","#D2D2D2","</b><br>Significant in: 1"
"TCF7","TCF7","dot","#FFFFFF","</b><br>Significant in: 0"
"TCF7L1","TCF7L1","dot","#A6A6A6","</b><br>Significant in: 2"
"TDH","TDH","dot","#D2D2D2","</b><br>Significant in: 1"
"TEAD3","TEAD3","dot","#A6A6A6","</b><br>Significant in: 2"
"TECPR2","TECPR2","dot","#D2D2D2","</b><br>Significant in: 1"
"TFB1M","TFB1M","dot","#A6A6A6","</b><br>Significant in: 2"
"TFE3","TFE3","dot","#4D4D4D","</b><br>Significant in: 4"
"THAP8","THAP8","dot","#FFFFFF","</b><br>Significant in: 0"
"THOC7-AS1","THOC7-AS1","dot","#FFFFFF","</b><br>Significant in: 0"
"THTPA","THTPA","dot","#FFFFFF","</b><br>Significant in: 0"
"TIMM8B","TIMM8B","dot","#D2D2D2","</b><br>Significant in: 1"
"TJAP1","TJAP1","dot","#D2D2D2","</b><br>Significant in: 1"
"TM7SF2","TM7SF2","dot","#FFFFFF","</b><br>Significant in: 0"
"TMCC2","TMCC2","dot","#FFFFFF","</b><br>Significant in: 0"
"TMED6","TMED6","dot","#D2D2D2","</b><br>Significant in: 1"
"TMED9","TMED9","dot","#797979","</b><br>Significant in: 3"
"TMEM104","TMEM104","dot","#A6A6A6","</b><br>Significant in: 2"
"TMEM115","TMEM115","dot","#D2D2D2","</b><br>Significant in: 1"
"TMEM117","TMEM117","dot","#D2D2D2","</b><br>Significant in: 1"
"TMEM121B","TMEM121B","dot","#FFFFFF","</b><br>Significant in: 0"
"TMEM126A","TMEM126A","dot","#FFFFFF","</b><br>Significant in: 0"
"TMEM134","TMEM134","dot","#FFFFFF","</b><br>Significant in: 0"
"TMEM147-AS1","TMEM147-AS1","dot","#A6A6A6","</b><br>Significant in: 2"
"TMEM150A","TMEM150A","dot","#A6A6A6","</b><br>Significant in: 2"
"TMEM163","TMEM163","dot","#FFFFFF","</b><br>Significant in: 0"
"TMEM179B","TMEM179B","dot","#A6A6A6","</b><br>Significant in: 2"
"TMEM190","TMEM190","dot","#D2D2D2","</b><br>Significant in: 1"
"TMEM198","TMEM198","dot","#797979","</b><br>Significant in: 3"
"TMEM198B","TMEM198B","dot","#FFFFFF","</b><br>Significant in: 0"
"TMEM208","TMEM208","dot","#D2D2D2","</b><br>Significant in: 1"
"TMEM234","TMEM234","dot","#A6A6A6","</b><br>Significant in: 2"
"TMEM253","TMEM253","dot","#FFFFFF","</b><br>Significant in: 0"
"TMEM259","TMEM259","dot","#FFFFFF","</b><br>Significant in: 0"
"TMEM262","TMEM262","dot","#FFFFFF","</b><br>Significant in: 0"
"TMEM39B","TMEM39B","dot","#A6A6A6","</b><br>Significant in: 2"
"TMEM42","TMEM42","dot","#FFFFFF","</b><br>Significant in: 0"
"TMEM53","TMEM53","dot","#FFFFFF","</b><br>Significant in: 0"
"TMEM63A","TMEM63A","dot","#FFFFFF","</b><br>Significant in: 0"
"TMEM63B","TMEM63B","dot","#D2D2D2","</b><br>Significant in: 1"
"TMEM79","TMEM79","dot","#FFFFFF","</b><br>Significant in: 0"
"TMEM80","TMEM80","dot","#D2D2D2","</b><br>Significant in: 1"
"TMEM81","TMEM81","dot","#D2D2D2","</b><br>Significant in: 1"
"TMEM86B","TMEM86B","dot","#FFFFFF","</b><br>Significant in: 0"
"TMEM8B","TMEM8B","dot","#D2D2D2","</b><br>Significant in: 1"
"TMUB1","TMUB1","dot","#D2D2D2","</b><br>Significant in: 1"
"TNFRSF10A","TNFRSF10A","dot","#FFFFFF","</b><br>Significant in: 0"
"TNFRSF10C","TNFRSF10C","dot","#D2D2D2","</b><br>Significant in: 1"
"TNFRSF11B","TNFRSF11B","dot","#D2D2D2","</b><br>Significant in: 1"
"TNFRSF12A","TNFRSF12A","dot","#A6A6A6","</b><br>Significant in: 2"
"TNFSF9","TNFSF9","dot","#A6A6A6","</b><br>Significant in: 2"
"TNK2","TNK2","dot","#D2D2D2","</b><br>Significant in: 1"
"TOLLIP","TOLLIP","dot","#FFFFFF","</b><br>Significant in: 0"
"TOP1MT","TOP1MT","dot","#D2D2D2","</b><br>Significant in: 1"
"TOR1B","TOR1B","dot","#D2D2D2","</b><br>Significant in: 1"
"TPD52L1","TPD52L1","dot","#A6A6A6","</b><br>Significant in: 2"
"TPI1P2","TPI1P2","dot","#D2D2D2","</b><br>Significant in: 1"
"TPK1","TPK1","dot","#FFFFFF","</b><br>Significant in: 0"
"TPRN","TPRN","dot","#D2D2D2","</b><br>Significant in: 1"
"TRAF1","TRAF1","dot","#A6A6A6","</b><br>Significant in: 2"
"TRAM2-AS1","TRAM2-AS1","dot","#A6A6A6","</b><br>Significant in: 2"
"TRAPPC14","TRAPPC14","dot","#D2D2D2","</b><br>Significant in: 1"
"TRAPPC9","TRAPPC9","dot","#FFFFFF","</b><br>Significant in: 0"
"TRIM17","TRIM17","dot","#FFFFFF","</b><br>Significant in: 0"
"TRIP6","TRIP6","dot","#D2D2D2","</b><br>Significant in: 1"
"TRMT10B","TRMT10B","dot","#D2D2D2","</b><br>Significant in: 1"
"TRPV3","TRPV3","dot","#FFFFFF","</b><br>Significant in: 0"
"TSACC","TSACC","dot","#FFFFFF","</b><br>Significant in: 0"
"TSC2","TSC2","dot","#FFFFFF","</b><br>Significant in: 0"
"TSC22D4","TSC22D4","dot","#A6A6A6","</b><br>Significant in: 2"
"TSPAN17","TSPAN17","dot","#A6A6A6","</b><br>Significant in: 2"
"TSPEAR","TSPEAR","dot","#D2D2D2","</b><br>Significant in: 1"
"TSSC4","TSSC4","dot","#D2D2D2","</b><br>Significant in: 1"
"TTLL9","TTLL9","dot","#FFFFFF","</b><br>Significant in: 0"
"TUBB1","TUBB1","dot","#FFFFFF","</b><br>Significant in: 0"
"TUBB2A","TUBB2A","dot","#D2D2D2","</b><br>Significant in: 1"
"TUBB2B","TUBB2B","dot","#FFFFFF","</b><br>Significant in: 0"
"TUBB3","TUBB3","dot","#A6A6A6","</b><br>Significant in: 2"
"TUBG2","TUBG2","dot","#FFFFFF","</b><br>Significant in: 0"
"TVP23A","TVP23A","dot","#FFFFFF","</b><br>Significant in: 0"
"U2AF1L4","U2AF1L4","dot","#FFFFFF","</b><br>Significant in: 0"
"UAP1L1","UAP1L1","dot","#D2D2D2","</b><br>Significant in: 1"
"UBE2G2","UBE2G2","dot","#797979","</b><br>Significant in: 3"
"UBE2Q1-AS1","UBE2Q1-AS1","dot","#FFFFFF","</b><br>Significant in: 0"
"UBL5","UBL5","dot","#FFFFFF","</b><br>Significant in: 0"
"UBXN1","UBXN1","dot","#FFFFFF","</b><br>Significant in: 0"
"UGDH-AS1","UGDH-AS1","dot","#FFFFFF","</b><br>Significant in: 0"
"UNC119","UNC119","dot","#D2D2D2","</b><br>Significant in: 1"
"UNKL","UNKL","dot","#D2D2D2","</b><br>Significant in: 1"
"UPF2","UPF2","dot","#D2D2D2","</b><br>Significant in: 1"
"URB1-AS1","URB1-AS1","dot","#A6A6A6","</b><br>Significant in: 2"
"USF2","USF2","dot","#FFFFFF","</b><br>Significant in: 0"
"USP2","USP2","dot","#797979","</b><br>Significant in: 3"
"USP20","USP20","dot","#FFFFFF","</b><br>Significant in: 0"
"USP6","USP6","dot","#FFFFFF","</b><br>Significant in: 0"
"UVSSA","UVSSA","dot","#A6A6A6","</b><br>Significant in: 2"
"UXS1","UXS1","dot","#A6A6A6","</b><br>Significant in: 2"
"VEGFC","VEGFC","dot","#FFFFFF","</b><br>Significant in: 0"
"VGF","VGF","dot","#4D4D4D","</b><br>Significant in: 4"
"VPS28","VPS28","dot","#D2D2D2","</b><br>Significant in: 1"
"VPS37D","VPS37D","dot","#FFFFFF","</b><br>Significant in: 0"
"VPS4A","VPS4A","dot","#FFFFFF","</b><br>Significant in: 0"
"VPS9D1","VPS9D1","dot","#D2D2D2","</b><br>Significant in: 1"
"WASHC1","WASHC1","dot","#D2D2D2","</b><br>Significant in: 1"
"WDR24","WDR24","dot","#FFFFFF","</b><br>Significant in: 0"
"WFS1","WFS1","dot","#A6A6A6","</b><br>Significant in: 2"
"XKR8","XKR8","dot","#FFFFFF","</b><br>Significant in: 0"
"XKR9","XKR9","dot","#FFFFFF","</b><br>Significant in: 0"
"YIF1A","YIF1A","dot","#A6A6A6","</b><br>Significant in: 2"
"YIPF2","YIPF2","dot","#D2D2D2","</b><br>Significant in: 1"
"ZBTB49","ZBTB49","dot","#D2D2D2","</b><br>Significant in: 1"
"ZCCHC18","ZCCHC18","dot","#D2D2D2","</b><br>Significant in: 1"
"ZFAND2B","ZFAND2B","dot","#D2D2D2","</b><br>Significant in: 1"
"ZFHX2","ZFHX2","dot","#A6A6A6","</b><br>Significant in: 2"
"ZFP36","ZFP36","dot","#D2D2D2","</b><br>Significant in: 1"
"ZFP41","ZFP41","dot","#D2D2D2","</b><br>Significant in: 1"
"ZFYVE27","ZFYVE27","dot","#D2D2D2","</b><br>Significant in: 1"
"ZIC3","ZIC3","dot","#A6A6A6","</b><br>Significant in: 2"
"ZMAT5","ZMAT5","dot","#FFFFFF","</b><br>Significant in: 0"
"ZMIZ2","ZMIZ2","dot","#FFFFFF","</b><br>Significant in: 0"
"ZNF189","ZNF189","dot","#FFFFFF","</b><br>Significant in: 0"
"ZNF213","ZNF213","dot","#D2D2D2","</b><br>Significant in: 1"
"ZNF219","ZNF219","dot","#A6A6A6","</b><br>Significant in: 2"
"ZNF276","ZNF276","dot","#A6A6A6","</b><br>Significant in: 2"
"ZNF358","ZNF358","dot","#FFFFFF","</b><br>Significant in: 0"
"ZNF385A","ZNF385A","dot","#D2D2D2","</b><br>Significant in: 1"
"ZNF425","ZNF425","dot","#D2D2D2","</b><br>Significant in: 1"
"ZNF467","ZNF467","dot","#A6A6A6","</b><br>Significant in: 2"
"ZNF469","ZNF469","dot","#FFFFFF","</b><br>Significant in: 0"
"ZNF514","ZNF514","dot","#FFFFFF","</b><br>Significant in: 0"
"ZNF516-AS1","ZNF516-AS1","dot","#FFFFFF","</b><br>Significant in: 0"
"ZNF517","ZNF517","dot","#D2D2D2","</b><br>Significant in: 1"
"ZNF524","ZNF524","dot","#FFFFFF","</b><br>Significant in: 0"
"ZNF547","ZNF547","dot","#FFFFFF","</b><br>Significant in: 0"
"ZNF579","ZNF579","dot","#FFFFFF","</b><br>Significant in: 0"
"ZNF585A","ZNF585A","dot","#FFFFFF","</b><br>Significant in: 0"
"ZNF592","ZNF592","dot","#D2D2D2","</b><br>Significant in: 1"
"ZNF598","ZNF598","dot","#D2D2D2","</b><br>Significant in: 1"
"ZNF608","ZNF608","dot","#D2D2D2","</b><br>Significant in: 1"
"ZNF646","ZNF646","dot","#FFFFFF","</b><br>Significant in: 0"
"ZNF653","ZNF653","dot","#FFFFFF","</b><br>Significant in: 0"
"ZNF674","ZNF674","dot","#FFFFFF","</b><br>Significant in: 0"
"ZNF709","ZNF709","dot","#D2D2D2","</b><br>Significant in: 1"
"ZNF750","ZNF750","dot","#D2D2D2","</b><br>Significant in: 1"
"ZNF800","ZNF800","dot","#A6A6A6","</b><br>Significant in: 2"
"ZNHIT2","ZNHIT2","dot","#D2D2D2","</b><br>Significant in: 1"
"ZRSR2","ZRSR2","dot","#D2D2D2","</b><br>Significant in: 1"
"ZSCAN20","ZSCAN20","dot","#D2D2D2","</b><br>Significant in: 1"
"ZSWIM4","ZSWIM4","dot","#D2D2D2","</b><br>Significant in: 1"
"WT vs EV F ","WT vs EV F ","square","black","</b><br>Significant in: -"
"siA5 vs sc20  ","siA5 vs sc20  ","triangle","black","</b><br>Significant in: -"
"EV Doxo sc vs EV Doxo A5  ","EV Doxo sc vs EV Doxo A5  ","diamond","black","</b><br>Significant in: -"
"R175 serum A5 vs WT Serum Sc  ","R175 serum A5 vs WT Serum Sc  ","star","black","</b><br>Significant in: -"
